{
    "C:\\Users\\amirm\\Desktop\\\u0410\u043b\u0433\u043e\u0440\u0438\u0442\u043c\u044b\u041f\u0440\u0430\u043a\u0442\u0438\u043a\u04302\\database.py": {
        "mtime": 1744957435.2766428,
        "size": 3462
    },
    "C:\\Users\\amirm\\Desktop\\\u0410\u043b\u0433\u043e\u0440\u0438\u0442\u043c\u044b\u041f\u0440\u0430\u043a\u0442\u0438\u043a\u04302\\DB\\ER\\weather.drawio": {
        "mtime": 1744950996.184023,
        "size": 5037
    },
    "C:\\Users\\amirm\\Desktop\\\u0410\u043b\u0433\u043e\u0440\u0438\u0442\u043c\u044b\u041f\u0440\u0430\u043a\u0442\u0438\u043a\u04302\\error.log": {
        "mtime": 1745035484.2569652,
        "size": 988
    },
    "C:\\Users\\amirm\\Desktop\\\u0410\u043b\u0433\u043e\u0440\u0438\u0442\u043c\u044b\u041f\u0440\u0430\u043a\u0442\u0438\u043a\u04302\\files_utils\\analyzer.py": {
        "mtime": 1745050268.0086687,
        "size": 2169
    },
    "C:\\Users\\amirm\\Desktop\\\u0410\u043b\u0433\u043e\u0440\u0438\u0442\u043c\u044b\u041f\u0440\u0430\u043a\u0442\u0438\u043a\u04302\\files_utils\\archiver.py": {
        "mtime": 1745050270.0214896,
        "size": 826
    },
    "C:\\Users\\amirm\\Desktop\\\u0410\u043b\u0433\u043e\u0440\u0438\u0442\u043c\u044b\u041f\u0440\u0430\u043a\u0442\u0438\u043a\u04302\\files_utils\\cache.py": {
        "mtime": 1745047473.3138957,
        "size": 314
    },
    "C:\\Users\\amirm\\Desktop\\\u0410\u043b\u0433\u043e\u0440\u0438\u0442\u043c\u044b\u041f\u0440\u0430\u043a\u0442\u0438\u043a\u04302\\files_utils\\log.txt": {
        "mtime": 1745049373.5694816,
        "size": 0
    },
    "C:\\Users\\amirm\\Desktop\\\u0410\u043b\u0433\u043e\u0440\u0438\u0442\u043c\u044b\u041f\u0440\u0430\u043a\u0442\u0438\u043a\u04302\\files_utils\\logg.py": {
        "mtime": 1745047610.1822295,
        "size": 127
    },
    "C:\\Users\\amirm\\Desktop\\\u0410\u043b\u0433\u043e\u0440\u0438\u0442\u043c\u044b\u041f\u0440\u0430\u043a\u0442\u0438\u043a\u04302\\files_utils\\__init__.py": {
        "mtime": 1745050268.786664,
        "size": 93
    },
    "C:\\Users\\amirm\\Desktop\\\u0410\u043b\u0433\u043e\u0440\u0438\u0442\u043c\u044b\u041f\u0440\u0430\u043a\u0442\u0438\u043a\u04302\\files_utils\\__pycache__\\analyzer.cpython-312.pyc": {
        "mtime": 1745049018.6589267,
        "size": 3639
    },
    "C:\\Users\\amirm\\Desktop\\\u0410\u043b\u0433\u043e\u0440\u0438\u0442\u043c\u044b\u041f\u0440\u0430\u043a\u0442\u0438\u043a\u04302\\files_utils\\__pycache__\\analyzer.cpython-313.pyc": {
        "mtime": 1745050282.220976,
        "size": 3750
    },
    "C:\\Users\\amirm\\Desktop\\\u0410\u043b\u0433\u043e\u0440\u0438\u0442\u043c\u044b\u041f\u0440\u0430\u043a\u0442\u0438\u043a\u04302\\files_utils\\__pycache__\\archiver.cpython-313.pyc": {
        "mtime": 1745050282.2855358,
        "size": 1695
    },
    "C:\\Users\\amirm\\Desktop\\\u0410\u043b\u0433\u043e\u0440\u0438\u0442\u043c\u044b\u041f\u0440\u0430\u043a\u0442\u0438\u043a\u04302\\files_utils\\__pycache__\\cache.cpython-313.pyc": {
        "mtime": 1745050282.324818,
        "size": 983
    },
    "C:\\Users\\amirm\\Desktop\\\u0410\u043b\u0433\u043e\u0440\u0438\u0442\u043c\u044b\u041f\u0440\u0430\u043a\u0442\u0438\u043a\u04302\\files_utils\\__pycache__\\logg.cpython-313.pyc": {
        "mtime": 1745050282.2820072,
        "size": 499
    },
    "C:\\Users\\amirm\\Desktop\\\u0410\u043b\u0433\u043e\u0440\u0438\u0442\u043c\u044b\u041f\u0440\u0430\u043a\u0442\u0438\u043a\u04302\\files_utils\\__pycache__\\__init__.cpython-312.pyc": {
        "mtime": 1745049018.650449,
        "size": 273
    },
    "C:\\Users\\amirm\\Desktop\\\u0410\u043b\u0433\u043e\u0440\u0438\u0442\u043c\u044b\u041f\u0440\u0430\u043a\u0442\u0438\u043a\u04302\\files_utils\\__pycache__\\__init__.cpython-313.pyc": {
        "mtime": 1745050282.2154133,
        "size": 274
    },
    "C:\\Users\\amirm\\Desktop\\\u0410\u043b\u0433\u043e\u0440\u0438\u0442\u043c\u044b\u041f\u0440\u0430\u043a\u0442\u0438\u043a\u04302\\htmlcov\\class_index.html": {
        "mtime": 1745034122.0952902,
        "size": 7567
    },
    "C:\\Users\\amirm\\Desktop\\\u0410\u043b\u0433\u043e\u0440\u0438\u0442\u043c\u044b\u041f\u0440\u0430\u043a\u0442\u0438\u043a\u04302\\htmlcov\\coverage_html_cb_497bf287.js": {
        "mtime": 1745034122.0761085,
        "size": 26207
    },
    "C:\\Users\\amirm\\Desktop\\\u0410\u043b\u0433\u043e\u0440\u0438\u0442\u043c\u044b\u041f\u0440\u0430\u043a\u0442\u0438\u043a\u04302\\htmlcov\\database_py.html": {
        "mtime": 1744957595.766991,
        "size": 32265
    },
    "C:\\Users\\amirm\\Desktop\\\u0410\u043b\u0433\u043e\u0440\u0438\u0442\u043c\u044b\u041f\u0440\u0430\u043a\u0442\u0438\u043a\u04302\\htmlcov\\favicon_32_cb_58284776.png": {
        "mtime": 1745034122.0761085,
        "size": 1732
    },
    "C:\\Users\\amirm\\Desktop\\\u0410\u043b\u0433\u043e\u0440\u0438\u0442\u043c\u044b\u041f\u0440\u0430\u043a\u0442\u0438\u043a\u04302\\htmlcov\\function_index.html": {
        "mtime": 1745034122.0952902,
        "size": 15926
    },
    "C:\\Users\\amirm\\Desktop\\\u0410\u043b\u0433\u043e\u0440\u0438\u0442\u043c\u044b\u041f\u0440\u0430\u043a\u0442\u0438\u043a\u04302\\htmlcov\\index.html": {
        "mtime": 1745034122.0920293,
        "size": 6308
    },
    "C:\\Users\\amirm\\Desktop\\\u0410\u043b\u0433\u043e\u0440\u0438\u0442\u043c\u044b\u041f\u0440\u0430\u043a\u0442\u0438\u043a\u04302\\htmlcov\\keybd_closed_cb_ce680311.png": {
        "mtime": 1745034122.0761085,
        "size": 9004
    },
    "C:\\Users\\amirm\\Desktop\\\u0410\u043b\u0433\u043e\u0440\u0438\u0442\u043c\u044b\u041f\u0440\u0430\u043a\u0442\u0438\u043a\u04302\\htmlcov\\status.json": {
        "mtime": 1745034122.0952902,
        "size": 2808
    },
    "C:\\Users\\amirm\\Desktop\\\u0410\u043b\u0433\u043e\u0440\u0438\u0442\u043c\u044b\u041f\u0440\u0430\u043a\u0442\u0438\u043a\u04302\\htmlcov\\style_cb_718ce007.css": {
        "mtime": 1745034122.0761085,
        "size": 14414
    },
    "C:\\Users\\amirm\\Desktop\\\u0410\u043b\u0433\u043e\u0440\u0438\u0442\u043c\u044b\u041f\u0440\u0430\u043a\u0442\u0438\u043a\u04302\\htmlcov\\weather_api_py.html": {
        "mtime": 1745034122.0920293,
        "size": 15513
    },
    "C:\\Users\\amirm\\Desktop\\\u0410\u043b\u0433\u043e\u0440\u0438\u0442\u043c\u044b\u041f\u0440\u0430\u043a\u0442\u0438\u043a\u04302\\htmlcov\\z_a44f0ac069e85531_test_algorithms_py.html": {
        "mtime": 1744950465.3903394,
        "size": 14280
    },
    "C:\\Users\\amirm\\Desktop\\\u0410\u043b\u0433\u043e\u0440\u0438\u0442\u043c\u044b\u041f\u0440\u0430\u043a\u0442\u0438\u043a\u04302\\htmlcov\\z_a44f0ac069e85531_test_full_database_py.html": {
        "mtime": 1744957595.7811484,
        "size": 31252
    },
    "C:\\Users\\amirm\\Desktop\\\u0410\u043b\u0433\u043e\u0440\u0438\u0442\u043c\u044b\u041f\u0440\u0430\u043a\u0442\u0438\u043a\u04302\\htmlcov\\z_a44f0ac069e85531_test_logging_py.html": {
        "mtime": 1744999954.4268746,
        "size": 10791
    },
    "C:\\Users\\amirm\\Desktop\\\u0410\u043b\u0433\u043e\u0440\u0438\u0442\u043c\u044b\u041f\u0440\u0430\u043a\u0442\u0438\u043a\u04302\\htmlcov\\z_a44f0ac069e85531_test_weather_api_py.html": {
        "mtime": 1744999954.4353673,
        "size": 24790
    },
    "C:\\Users\\amirm\\Desktop\\\u0410\u043b\u0433\u043e\u0440\u0438\u0442\u043c\u044b\u041f\u0440\u0430\u043a\u0442\u0438\u043a\u04302\\htmlcov\\z_a44f0ac069e85531___init___py.html": {
        "mtime": 1744950465.3863115,
        "size": 4516
    },
    "C:\\Users\\amirm\\Desktop\\\u0410\u043b\u0433\u043e\u0440\u0438\u0442\u043c\u044b\u041f\u0440\u0430\u043a\u0442\u0438\u043a\u04302\\htmlcov\\__init___py.html": {
        "mtime": 1744950465.3749678,
        "size": 4440
    },
    "C:\\Users\\amirm\\Desktop\\\u0410\u043b\u0433\u043e\u0440\u0438\u0442\u043c\u044b\u041f\u0440\u0430\u043a\u0442\u0438\u043a\u04302\\log.txt": {
        "mtime": 1745050282.337788,
        "size": 110
    },